[
{
  "model": "auth.group",
  "fields": {
    "name": "PVR",
    "permissions": [
      [
        "view_logentry",
        "admin",
        "logentry"
      ]
    ]
  }
},
{
  "model": "sessions.session",
  "pk": "zb4xknr73z3pyzkcfhu3gccrxprxri3t",
  "fields": {
    "session_data": ".eJxVjDsOwjAQRO_iGllOHH-Wkj5nsLzeDQ4gW4qTCnF3EikFNFPMezNvEeK25rA1XsJM4io6cfntMKYnlwPQI5Z7lamWdZlRHoo8aZNjJX7dTvfvIMeW97UGIgQPChMo6h0Qml6Z5KyFobN7OmSFMDhABD2RZTeBN8p50imy-HwB0sk3pg:1vwIli:PiBVPub88I1e5vQMOlZtjK7OUaYQ8Dny5L3AlSk2Y5w",
    "expire_date": "2026-03-14T11:45:58.684Z"
  }
},
{
  "model": "users.user",
  "fields": {
    "password": "pbkdf2_sha256$1000000$wAlzHSwbXlrkg0HPAYDGj4$mIYOi1cRYM8JMBvN7heWNrxhwSmog/6sTiRmFfwJ+8s=",
    "last_login": "2026-02-28T11:45:58.673Z",
    "is_superuser": true,
    "first_name": "",
    "last_name": "",
    "is_staff": true,
    "is_active": true,
    "date_joined": "2026-02-27T20:33:00.116Z",
    "email": "admin@ticketflix.com",
    "role": "Admin",
    "phone_number": "",
    "location": "",
    "is_email_verified": false,
    "is_phone_verified": false,
    "otp_code": null,
    "groups": [],
    "user_permissions": []
  }
},
{
  "model": "users.user",
  "fields": {
    "password": "Thether@123",
    "last_login": "2026-02-27T20:53:37Z",
    "is_superuser": false,
    "first_name": "Thether",
    "last_name": "Owner",
    "is_staff": false,
    "is_active": true,
    "date_joined": "2026-02-27T20:53:01Z",
    "email": "thether@gmail.com",
    "role": "VENUE_OWNER",
    "phone_number": "",
    "location": "",
    "is_email_verified": false,
    "is_phone_verified": false,
    "otp_code": null,
    "groups": [
      [
        "PVR"
      ]
    ],
    "user_permissions": [
      [
        "view_logentry",
        "admin",
        "logentry"
      ]
    ]
  }
},
{
  "model": "users.user",
  "fields": {
    "password": "pbkdf2_sha256$1000000$L6CUcEoVU30TpeHyhMczmA$LnGm67oiL3krtbZcdsTD/h5esLBJoiEt4XWDPMAzIrY=",
    "last_login": null,
    "is_superuser": false,
    "first_name": "Mayuresh Sonawane",
    "last_name": "",
    "is_staff": false,
    "is_active": true,
    "date_joined": "2026-02-28T09:32:06Z",
    "email": "mayuresh1526@gmail.com",
    "role": "VENUE_OWNER",
    "phone_number": "9082773125",
    "location": "",
    "is_email_verified": false,
    "is_phone_verified": true,
    "otp_code": null,
    "groups": [],
    "user_permissions": []
  }
},
{
  "model": "users.user",
  "fields": {
    "password": "pbkdf2_sha256$1000000$vIDG0Qdxf73v1AT6AtjlRk$ACD5vWOIpEXOByygOIofyTijJhGTBQRuA2fLcSOpegY=",
    "last_login": null,
    "is_superuser": false,
    "first_name": "John Dev",
    "last_name": "",
    "is_staff": false,
    "is_active": true,
    "date_joined": "2026-02-28T09:40:46.935Z",
    "email": "mayureshsonawane1526@gmail.com",
    "role": "VENUE_OWNER",
    "phone_number": "1234567890",
    "location": "",
    "is_email_verified": false,
    "is_phone_verified": true,
    "otp_code": null,
    "groups": [],
    "user_permissions": []
  }
},
{
  "model": "users.user",
  "fields": {
    "password": "pbkdf2_sha256$1000000$e6nNV9UXt4mrRxyAs574qZ$FWlQ0X5B+WIJag/ib+Vnrt9EqdP3Rr1N99kwJnZMebM=",
    "last_login": null,
    "is_superuser": false,
    "first_name": "Test User",
    "last_name": "",
    "is_staff": false,
    "is_active": true,
    "date_joined": "2026-02-28T16:08:23.103Z",
    "email": "mayureshbusiness03@gmail.com",
    "role": "Customer",
    "phone_number": "1234567899",
    "location": "",
    "is_email_verified": false,
    "is_phone_verified": true,
    "otp_code": null,
    "groups": [],
    "user_permissions": []
  }
},
{
  "model": "users.otpverification",
  "pk": 7,
  "fields": {
    "phone_number": "9082773125",
    "otp": "124552",
    "name": "Rohit Prajapati",
    "email": "rohit@gmail.com",
    "password": "pbkdf2_sha256$1000000$srf5FFvo0MRfTB5k1V0BR5$f6OFxKDkEMByl5XKw1nakbHQE63t8rz79Mg3gQR5PK4=",
    "role": "Customer",
    "created_at": "2026-02-27T23:09:17.522Z",
    "is_used": false
  }
},
{
  "model": "users.otpverification",
  "pk": 13,
  "fields": {
    "phone_number": "9082773125",
    "otp": "446319",
    "name": "Mayuresh Sonawane",
    "email": "mayuresh1526@gmail.com",
    "password": "pbkdf2_sha256$1000000$L6CUcEoVU30TpeHyhMczmA$LnGm67oiL3krtbZcdsTD/h5esLBJoiEt4XWDPMAzIrY=",
    "role": "Customer",
    "created_at": "2026-02-28T09:31:03.026Z",
    "is_used": true
  }
},
{
  "model": "users.otpverification",
  "pk": 14,
  "fields": {
    "phone_number": "1234567890",
    "otp": "313716",
    "name": "John Dev",
    "email": "mayureshsonawane1526@gmail.com",
    "password": "pbkdf2_sha256$1000000$vIDG0Qdxf73v1AT6AtjlRk$ACD5vWOIpEXOByygOIofyTijJhGTBQRuA2fLcSOpegY=",
    "role": "VENUE_OWNER",
    "created_at": "2026-02-28T09:40:28.148Z",
    "is_used": true
  }
},
{
  "model": "users.otpverification",
  "pk": 16,
  "fields": {
    "phone_number": "1234567899",
    "otp": "464923",
    "name": "Mayuresh Sonawane",
    "email": "mayuresh@gmail.com",
    "password": "pbkdf2_sha256$1000000$7MGm9hy1mVvG6XH2XSMK3n$mPMfBPqFMYmE5j2ts7JplDSrGssdkWhtsBj0bH2LYGI=",
    "role": "Customer",
    "created_at": "2026-02-28T10:12:05.525Z",
    "is_used": false
  }
},
{
  "model": "users.otpverification",
  "pk": 17,
  "fields": {
    "phone_number": "1234567899",
    "otp": "292240",
    "name": "Test User",
    "email": "mayureshbusiness03@gmail.com",
    "password": "pbkdf2_sha256$1000000$hT0bFrxfrBiksih3y6RMGT$B1lYE63P8g83RhSRkuNMB70x8fVjr+4JKRqxfrGy0Nc=",
    "role": "Customer",
    "created_at": "2026-02-28T16:07:56.162Z",
    "is_used": true
  }
},
{
  "model": "users.passwordresetotp",
  "pk": 1,
  "fields": {
    "email": "mayureshbusiness03@gmail.com",
    "otp": "446293",
    "created_at": "2026-02-28T20:37:17.959Z",
    "is_used": true
  }
},
{
  "model": "events.event",
  "pk": 1,
  "fields": {
    "title": "Dhurandhar",
    "description": "Dhurandhar (2025) is a high-stakes, 212-minute Hindi-language espionage thriller directed by Aditya Dhar, following RAW agent Hamza (Ranveer Singh) who infiltrates Karachi's criminal underworld to dismantle an ISI-gangster nexus. The film stars Ranveer Singh, Akshaye Khanna, Sanjay Dutt, and Arjun Rampal, focusing on intense action and a,two-part story.",
    "event_type": "MOVIE",
    "duration": 214,
    "language": "Hindi",
    "genre": "Action | Thriller | Adventure | Crime Flim",
    "release_date": "2026-03-19",
    "created_by": [
      "thether@gmail.com"
    ],
    "image": "events/download_1.jfif",
    "created_at": "2026-02-27T21:42:15.933Z"
  }
},
{
  "model": "events.event",
  "pk": 2,
  "fields": {
    "title": "Drama Festival",
    "description": "TEST 1",
    "event_type": "OTHER",
    "duration": 148,
    "language": "Hindi,marathi,english",
    "genre": "Action | Singing | Dancing",
    "release_date": "2026-03-17",
    "created_by": [
      "mayureshsonawane1526@gmail.com"
    ],
    "image": "events/e19a349d-312f-40fb-8e36-007c7e6337cb.png",
    "created_at": "2026-02-28T13:04:20.934Z"
  }
},
{
  "model": "events.event",
  "pk": 3,
  "fields": {
    "title": "Chhaava",
    "description": "Chhaava (2025) is an epic historical action drama based on the life of Chhatrapati Sambhaji Maharaj, the courageous second ruler of the Maratha Empire and son of Chhatrapati Shivaji. The film, starring Vicky Kaushal, showcases his eight-year reign, relentless battle against the Mughal Empire, and his defiance against Aurangzeb.",
    "event_type": "MOVIE",
    "duration": 161,
    "language": "Hindi",
    "genre": "Action | Drama | Historical",
    "release_date": "2026-03-01",
    "created_by": [
      "mayuresh1526@gmail.com"
    ],
    "image": "events/78abde27-b9c0-42e9-9d45-2823adc6bd2b.jpg",
    "created_at": "2026-02-28T20:20:00.266Z"
  }
},
{
  "model": "events.review",
  "pk": 2,
  "fields": {
    "event": 3,
    "user": [
      "mayureshbusiness03@gmail.com"
    ],
    "rating": 5,
    "comment": "Vicky Kaushal's performance is highlighted as a standout, with critics noting his intensity and screen presence. The film's historical drama and patriotic fervour are also appreciated.",
    "created_at": "2026-03-10T11:33:26.878Z"
  }
},
{
  "model": "theaters.theater",
  "pk": 1,
  "fields": {
    "name": "PVR",
    "address": "",
    "city": "Kalyan",
    "state": "",
    "pincode": "",
    "phone_number": "",
    "google_maps_link": null,
    "manager": [
      "thether@gmail.com"
    ]
  }
},
{
  "model": "theaters.theater",
  "pk": 2,
  "fields": {
    "name": "BMC Park",
    "address": "Mumbai, Near Airport",
    "city": "Mumbai",
    "state": "Maharashtra",
    "pincode": "400001",
    "phone_number": "1234567899",
    "google_maps_link": "",
    "manager": [
      "mayuresh1526@gmail.com"
    ]
  }
},
{
  "model": "theaters.screen",
  "pk": 2,
  "fields": {
    "theater": 2,
    "screen_number": 1,
    "total_seats": 59,
    "silver_price": "350.00",
    "gold_price": "599.00",
    "platinum_price": "999.00",
    "silver_count": 27,
    "gold_count": 20,
    "platinum_count": 12
  }
},
{
  "model": "theaters.screen",
  "pk": 3,
  "fields": {
    "theater": 2,
    "screen_number": 2,
    "total_seats": 153,
    "silver_price": "400.00",
    "gold_price": "850.00",
    "platinum_price": "1200.00",
    "silver_count": 68,
    "gold_count": 51,
    "platinum_count": 34
  }
},
{
  "model": "theaters.show",
  "pk": 2,
  "fields": {
    "event": 3,
    "screen": 2,
    "show_time": "2026-03-01T07:00:00Z",
    "price": "350.00"
  }
},
{
  "model": "theaters.show",
  "pk": 3,
  "fields": {
    "event": 3,
    "screen": 2,
    "show_time": "2026-03-01T19:00:00Z",
    "price": "350.00"
  }
},
{
  "model": "theaters.show",
  "pk": 4,
  "fields": {
    "event": 3,
    "screen": 2,
    "show_time": "2026-04-09T19:00:00Z",
    "price": "350.00"
  }
},
{
  "model": "theaters.show",
  "pk": 5,
  "fields": {
    "event": 3,
    "screen": 3,
    "show_time": "2026-03-20T16:32:00Z",
    "price": "400.00"
  }
},
{
  "model": "theaters.seat",
  "pk": 7,
  "fields": {
    "screen": 2,
    "seat_number": "S1",
    "category": "Silver"
  }
},
{
  "model": "theaters.seat",
  "pk": 8,
  "fields": {
    "screen": 2,
    "seat_number": "S2",
    "category": "Silver"
  }
},
{
  "model": "theaters.seat",
  "pk": 9,
  "fields": {
    "screen": 2,
    "seat_number": "S3",
    "category": "Silver"
  }
},
{
  "model": "theaters.seat",
  "pk": 10,
  "fields": {
    "screen": 2,
    "seat_number": "S4",
    "category": "Silver"
  }
},
{
  "model": "theaters.seat",
  "pk": 11,
  "fields": {
    "screen": 2,
    "seat_number": "S5",
    "category": "Silver"
  }
},
{
  "model": "theaters.seat",
  "pk": 12,
  "fields": {
    "screen": 2,
    "seat_number": "S6",
    "category": "Silver"
  }
},
{
  "model": "theaters.seat",
  "pk": 13,
  "fields": {
    "screen": 2,
    "seat_number": "S7",
    "category": "Silver"
  }
},
{
  "model": "theaters.seat",
  "pk": 14,
  "fields": {
    "screen": 2,
    "seat_number": "S8",
    "category": "Silver"
  }
},
{
  "model": "theaters.seat",
  "pk": 15,
  "fields": {
    "screen": 2,
    "seat_number": "S9",
    "category": "Silver"
  }
},
{
  "model": "theaters.seat",
  "pk": 16,
  "fields": {
    "screen": 2,
    "seat_number": "S10",
    "category": "Silver"
  }
},
{
  "model": "theaters.seat",
  "pk": 17,
  "fields": {
    "screen": 2,
    "seat_number": "S11",
    "category": "Silver"
  }
},
{
  "model": "theaters.seat",
  "pk": 18,
  "fields": {
    "screen": 2,
    "seat_number": "S12",
    "category": "Silver"
  }
},
{
  "model": "theaters.seat",
  "pk": 19,
  "fields": {
    "screen": 2,
    "seat_number": "S13",
    "category": "Silver"
  }
},
{
  "model": "theaters.seat",
  "pk": 20,
  "fields": {
    "screen": 2,
    "seat_number": "S14",
    "category": "Silver"
  }
},
{
  "model": "theaters.seat",
  "pk": 21,
  "fields": {
    "screen": 2,
    "seat_number": "S15",
    "category": "Silver"
  }
},
{
  "model": "theaters.seat",
  "pk": 22,
  "fields": {
    "screen": 2,
    "seat_number": "S16",
    "category": "Silver"
  }
},
{
  "model": "theaters.seat",
  "pk": 23,
  "fields": {
    "screen": 2,
    "seat_number": "S17",
    "category": "Silver"
  }
},
{
  "model": "theaters.seat",
  "pk": 24,
  "fields": {
    "screen": 2,
    "seat_number": "S18",
    "category": "Silver"
  }
},
{
  "model": "theaters.seat",
  "pk": 25,
  "fields": {
    "screen": 2,
    "seat_number": "S19",
    "category": "Silver"
  }
},
{
  "model": "theaters.seat",
  "pk": 26,
  "fields": {
    "screen": 2,
    "seat_number": "S20",
    "category": "Silver"
  }
},
{
  "model": "theaters.seat",
  "pk": 27,
  "fields": {
    "screen": 2,
    "seat_number": "S21",
    "category": "Silver"
  }
},
{
  "model": "theaters.seat",
  "pk": 28,
  "fields": {
    "screen": 2,
    "seat_number": "S22",
    "category": "Silver"
  }
},
{
  "model": "theaters.seat",
  "pk": 29,
  "fields": {
    "screen": 2,
    "seat_number": "S23",
    "category": "Silver"
  }
},
{
  "model": "theaters.seat",
  "pk": 30,
  "fields": {
    "screen": 2,
    "seat_number": "S24",
    "category": "Silver"
  }
},
{
  "model": "theaters.seat",
  "pk": 31,
  "fields": {
    "screen": 2,
    "seat_number": "S25",
    "category": "Silver"
  }
},
{
  "model": "theaters.seat",
  "pk": 32,
  "fields": {
    "screen": 2,
    "seat_number": "S26",
    "category": "Silver"
  }
},
{
  "model": "theaters.seat",
  "pk": 33,
  "fields": {
    "screen": 2,
    "seat_number": "S27",
    "category": "Silver"
  }
},
{
  "model": "theaters.seat",
  "pk": 34,
  "fields": {
    "screen": 2,
    "seat_number": "G1",
    "category": "Gold"
  }
},
{
  "model": "theaters.seat",
  "pk": 35,
  "fields": {
    "screen": 2,
    "seat_number": "G2",
    "category": "Gold"
  }
},
{
  "model": "theaters.seat",
  "pk": 36,
  "fields": {
    "screen": 2,
    "seat_number": "G3",
    "category": "Gold"
  }
},
{
  "model": "theaters.seat",
  "pk": 37,
  "fields": {
    "screen": 2,
    "seat_number": "G4",
    "category": "Gold"
  }
},
{
  "model": "theaters.seat",
  "pk": 38,
  "fields": {
    "screen": 2,
    "seat_number": "G5",
    "category": "Gold"
  }
},
{
  "model": "theaters.seat",
  "pk": 39,
  "fields": {
    "screen": 2,
    "seat_number": "G6",
    "category": "Gold"
  }
},
{
  "model": "theaters.seat",
  "pk": 40,
  "fields": {
    "screen": 2,
    "seat_number": "G7",
    "category": "Gold"
  }
},
{
  "model": "theaters.seat",
  "pk": 41,
  "fields": {
    "screen": 2,
    "seat_number": "G8",
    "category": "Gold"
  }
},
{
  "model": "theaters.seat",
  "pk": 42,
  "fields": {
    "screen": 2,
    "seat_number": "G9",
    "category": "Gold"
  }
},
{
  "model": "theaters.seat",
  "pk": 43,
  "fields": {
    "screen": 2,
    "seat_number": "G10",
    "category": "Gold"
  }
},
{
  "model": "theaters.seat",
  "pk": 44,
  "fields": {
    "screen": 2,
    "seat_number": "G11",
    "category": "Gold"
  }
},
{
  "model": "theaters.seat",
  "pk": 45,
  "fields": {
    "screen": 2,
    "seat_number": "G12",
    "category": "Gold"
  }
},
{
  "model": "theaters.seat",
  "pk": 46,
  "fields": {
    "screen": 2,
    "seat_number": "G13",
    "category": "Gold"
  }
},
{
  "model": "theaters.seat",
  "pk": 47,
  "fields": {
    "screen": 2,
    "seat_number": "G14",
    "category": "Gold"
  }
},
{
  "model": "theaters.seat",
  "pk": 48,
  "fields": {
    "screen": 2,
    "seat_number": "G15",
    "category": "Gold"
  }
},
{
  "model": "theaters.seat",
  "pk": 49,
  "fields": {
    "screen": 2,
    "seat_number": "G16",
    "category": "Gold"
  }
},
{
  "model": "theaters.seat",
  "pk": 50,
  "fields": {
    "screen": 2,
    "seat_number": "G17",
    "category": "Gold"
  }
},
{
  "model": "theaters.seat",
  "pk": 51,
  "fields": {
    "screen": 2,
    "seat_number": "G18",
    "category": "Gold"
  }
},
{
  "model": "theaters.seat",
  "pk": 52,
  "fields": {
    "screen": 2,
    "seat_number": "G19",
    "category": "Gold"
  }
},
{
  "model": "theaters.seat",
  "pk": 53,
  "fields": {
    "screen": 2,
    "seat_number": "G20",
    "category": "Gold"
  }
},
{
  "model": "theaters.seat",
  "pk": 54,
  "fields": {
    "screen": 2,
    "seat_number": "P1",
    "category": "Platinum"
  }
},
{
  "model": "theaters.seat",
  "pk": 55,
  "fields": {
    "screen": 2,
    "seat_number": "P2",
    "category": "Platinum"
  }
},
{
  "model": "theaters.seat",
  "pk": 56,
  "fields": {
    "screen": 2,
    "seat_number": "P3",
    "category": "Platinum"
  }
},
{
  "model": "theaters.seat",
  "pk": 57,
  "fields": {
    "screen": 2,
    "seat_number": "P4",
    "category": "Platinum"
  }
},
{
  "model": "theaters.seat",
  "pk": 58,
  "fields": {
    "screen": 2,
    "seat_number": "P5",
    "category": "Platinum"
  }
},
{
  "model": "theaters.seat",
  "pk": 59,
  "fields": {
    "screen": 2,
    "seat_number": "P6",
    "category": "Platinum"
  }
},
{
  "model": "theaters.seat",
  "pk": 60,
  "fields": {
    "screen": 2,
    "seat_number": "P7",
    "category": "Platinum"
  }
},
{
  "model": "theaters.seat",
  "pk": 61,
  "fields": {
    "screen": 2,
    "seat_number": "P8",
    "category": "Platinum"
  }
},
{
  "model": "theaters.seat",
  "pk": 62,
  "fields": {
    "screen": 2,
    "seat_number": "P9",
    "category": "Platinum"
  }
},
{
  "model": "theaters.seat",
  "pk": 63,
  "fields": {
    "screen": 2,
    "seat_number": "P10",
    "category": "Platinum"
  }
},
{
  "model": "theaters.seat",
  "pk": 64,
  "fields": {
    "screen": 2,
    "seat_number": "P11",
    "category": "Platinum"
  }
},
{
  "model": "theaters.seat",
  "pk": 65,
  "fields": {
    "screen": 2,
    "seat_number": "P12",
    "category": "Platinum"
  }
},
{
  "model": "theaters.seat",
  "pk": 66,
  "fields": {
    "screen": 3,
    "seat_number": "S1",
    "category": "Silver"
  }
},
{
  "model": "theaters.seat",
  "pk": 67,
  "fields": {
    "screen": 3,
    "seat_number": "S2",
    "category": "Silver"
  }
},
{
  "model": "theaters.seat",
  "pk": 68,
  "fields": {
    "screen": 3,
    "seat_number": "S3",
    "category": "Silver"
  }
},
{
  "model": "theaters.seat",
  "pk": 69,
  "fields": {
    "screen": 3,
    "seat_number": "S4",
    "category": "Silver"
  }
},
{
  "model": "theaters.seat",
  "pk": 70,
  "fields": {
    "screen": 3,
    "seat_number": "S5",
    "category": "Silver"
  }
},
{
  "model": "theaters.seat",
  "pk": 71,
  "fields": {
    "screen": 3,
    "seat_number": "S6",
    "category": "Silver"
  }
},
{
  "model": "theaters.seat",
  "pk": 72,
  "fields": {
    "screen": 3,
    "seat_number": "S7",
    "category": "Silver"
  }
},
{
  "model": "theaters.seat",
  "pk": 73,
  "fields": {
    "screen": 3,
    "seat_number": "S8",
    "category": "Silver"
  }
},
{
  "model": "theaters.seat",
  "pk": 74,
  "fields": {
    "screen": 3,
    "seat_number": "S9",
    "category": "Silver"
  }
},
{
  "model": "theaters.seat",
  "pk": 75,
  "fields": {
    "screen": 3,
    "seat_number": "S10",
    "category": "Silver"
  }
},
{
  "model": "theaters.seat",
  "pk": 76,
  "fields": {
    "screen": 3,
    "seat_number": "S11",
    "category": "Silver"
  }
},
{
  "model": "theaters.seat",
  "pk": 77,
  "fields": {
    "screen": 3,
    "seat_number": "S12",
    "category": "Silver"
  }
},
{
  "model": "theaters.seat",
  "pk": 78,
  "fields": {
    "screen": 3,
    "seat_number": "S13",
    "category": "Silver"
  }
},
{
  "model": "theaters.seat",
  "pk": 79,
  "fields": {
    "screen": 3,
    "seat_number": "S14",
    "category": "Silver"
  }
},
{
  "model": "theaters.seat",
  "pk": 80,
  "fields": {
    "screen": 3,
    "seat_number": "S15",
    "category": "Silver"
  }
},
{
  "model": "theaters.seat",
  "pk": 81,
  "fields": {
    "screen": 3,
    "seat_number": "S16",
    "category": "Silver"
  }
},
{
  "model": "theaters.seat",
  "pk": 82,
  "fields": {
    "screen": 3,
    "seat_number": "S17",
    "category": "Silver"
  }
},
{
  "model": "theaters.seat",
  "pk": 83,
  "fields": {
    "screen": 3,
    "seat_number": "S18",
    "category": "Silver"
  }
},
{
  "model": "theaters.seat",
  "pk": 84,
  "fields": {
    "screen": 3,
    "seat_number": "S19",
    "category": "Silver"
  }
},
{
  "model": "theaters.seat",
  "pk": 85,
  "fields": {
    "screen": 3,
    "seat_number": "S20",
    "category": "Silver"
  }
},
{
  "model": "theaters.seat",
  "pk": 86,
  "fields": {
    "screen": 3,
    "seat_number": "S21",
    "category": "Silver"
  }
},
{
  "model": "theaters.seat",
  "pk": 87,
  "fields": {
    "screen": 3,
    "seat_number": "S22",
    "category": "Silver"
  }
},
{
  "model": "theaters.seat",
  "pk": 88,
  "fields": {
    "screen": 3,
    "seat_number": "S23",
    "category": "Silver"
  }
},
{
  "model": "theaters.seat",
  "pk": 89,
  "fields": {
    "screen": 3,
    "seat_number": "S24",
    "category": "Silver"
  }
},
{
  "model": "theaters.seat",
  "pk": 90,
  "fields": {
    "screen": 3,
    "seat_number": "S25",
    "category": "Silver"
  }
},
{
  "model": "theaters.seat",
  "pk": 91,
  "fields": {
    "screen": 3,
    "seat_number": "S26",
    "category": "Silver"
  }
},
{
  "model": "theaters.seat",
  "pk": 92,
  "fields": {
    "screen": 3,
    "seat_number": "S27",
    "category": "Silver"
  }
},
{
  "model": "theaters.seat",
  "pk": 93,
  "fields": {
    "screen": 3,
    "seat_number": "S28",
    "category": "Silver"
  }
},
{
  "model": "theaters.seat",
  "pk": 94,
  "fields": {
    "screen": 3,
    "seat_number": "S29",
    "category": "Silver"
  }
},
{
  "model": "theaters.seat",
  "pk": 95,
  "fields": {
    "screen": 3,
    "seat_number": "S30",
    "category": "Silver"
  }
},
{
  "model": "theaters.seat",
  "pk": 96,
  "fields": {
    "screen": 3,
    "seat_number": "S31",
    "category": "Silver"
  }
},
{
  "model": "theaters.seat",
  "pk": 97,
  "fields": {
    "screen": 3,
    "seat_number": "S32",
    "category": "Silver"
  }
},
{
  "model": "theaters.seat",
  "pk": 98,
  "fields": {
    "screen": 3,
    "seat_number": "S33",
    "category": "Silver"
  }
},
{
  "model": "theaters.seat",
  "pk": 99,
  "fields": {
    "screen": 3,
    "seat_number": "S34",
    "category": "Silver"
  }
},
{
  "model": "theaters.seat",
  "pk": 100,
  "fields": {
    "screen": 3,
    "seat_number": "S35",
    "category": "Silver"
  }
},
{
  "model": "theaters.seat",
  "pk": 101,
  "fields": {
    "screen": 3,
    "seat_number": "S36",
    "category": "Silver"
  }
},
{
  "model": "theaters.seat",
  "pk": 102,
  "fields": {
    "screen": 3,
    "seat_number": "S37",
    "category": "Silver"
  }
},
{
  "model": "theaters.seat",
  "pk": 103,
  "fields": {
    "screen": 3,
    "seat_number": "S38",
    "category": "Silver"
  }
},
{
  "model": "theaters.seat",
  "pk": 104,
  "fields": {
    "screen": 3,
    "seat_number": "S39",
    "category": "Silver"
  }
},
{
  "model": "theaters.seat",
  "pk": 105,
  "fields": {
    "screen": 3,
    "seat_number": "S40",
    "category": "Silver"
  }
},
{
  "model": "theaters.seat",
  "pk": 106,
  "fields": {
    "screen": 3,
    "seat_number": "S41",
    "category": "Silver"
  }
},
{
  "model": "theaters.seat",
  "pk": 107,
  "fields": {
    "screen": 3,
    "seat_number": "S42",
    "category": "Silver"
  }
},
{
  "model": "theaters.seat",
  "pk": 108,
  "fields": {
    "screen": 3,
    "seat_number": "S43",
    "category": "Silver"
  }
},
{
  "model": "theaters.seat",
  "pk": 109,
  "fields": {
    "screen": 3,
    "seat_number": "S44",
    "category": "Silver"
  }
},
{
  "model": "theaters.seat",
  "pk": 110,
  "fields": {
    "screen": 3,
    "seat_number": "S45",
    "category": "Silver"
  }
},
{
  "model": "theaters.seat",
  "pk": 111,
  "fields": {
    "screen": 3,
    "seat_number": "S46",
    "category": "Silver"
  }
},
{
  "model": "theaters.seat",
  "pk": 112,
  "fields": {
    "screen": 3,
    "seat_number": "S47",
    "category": "Silver"
  }
},
{
  "model": "theaters.seat",
  "pk": 113,
  "fields": {
    "screen": 3,
    "seat_number": "S48",
    "category": "Silver"
  }
},
{
  "model": "theaters.seat",
  "pk": 114,
  "fields": {
    "screen": 3,
    "seat_number": "S49",
    "category": "Silver"
  }
},
{
  "model": "theaters.seat",
  "pk": 115,
  "fields": {
    "screen": 3,
    "seat_number": "S50",
    "category": "Silver"
  }
},
{
  "model": "theaters.seat",
  "pk": 116,
  "fields": {
    "screen": 3,
    "seat_number": "S51",
    "category": "Silver"
  }
},
{
  "model": "theaters.seat",
  "pk": 117,
  "fields": {
    "screen": 3,
    "seat_number": "S52",
    "category": "Silver"
  }
},
{
  "model": "theaters.seat",
  "pk": 118,
  "fields": {
    "screen": 3,
    "seat_number": "S53",
    "category": "Silver"
  }
},
{
  "model": "theaters.seat",
  "pk": 119,
  "fields": {
    "screen": 3,
    "seat_number": "S54",
    "category": "Silver"
  }
},
{
  "model": "theaters.seat",
  "pk": 120,
  "fields": {
    "screen": 3,
    "seat_number": "S55",
    "category": "Silver"
  }
},
{
  "model": "theaters.seat",
  "pk": 121,
  "fields": {
    "screen": 3,
    "seat_number": "S56",
    "category": "Silver"
  }
},
{
  "model": "theaters.seat",
  "pk": 122,
  "fields": {
    "screen": 3,
    "seat_number": "S57",
    "category": "Silver"
  }
},
{
  "model": "theaters.seat",
  "pk": 123,
  "fields": {
    "screen": 3,
    "seat_number": "S58",
    "category": "Silver"
  }
},
{
  "model": "theaters.seat",
  "pk": 124,
  "fields": {
    "screen": 3,
    "seat_number": "S59",
    "category": "Silver"
  }
},
{
  "model": "theaters.seat",
  "pk": 125,
  "fields": {
    "screen": 3,
    "seat_number": "S60",
    "category": "Silver"
  }
},
{
  "model": "theaters.seat",
  "pk": 126,
  "fields": {
    "screen": 3,
    "seat_number": "S61",
    "category": "Silver"
  }
},
{
  "model": "theaters.seat",
  "pk": 127,
  "fields": {
    "screen": 3,
    "seat_number": "S62",
    "category": "Silver"
  }
},
{
  "model": "theaters.seat",
  "pk": 128,
  "fields": {
    "screen": 3,
    "seat_number": "S63",
    "category": "Silver"
  }
},
{
  "model": "theaters.seat",
  "pk": 129,
  "fields": {
    "screen": 3,
    "seat_number": "S64",
    "category": "Silver"
  }
},
{
  "model": "theaters.seat",
  "pk": 130,
  "fields": {
    "screen": 3,
    "seat_number": "S65",
    "category": "Silver"
  }
},
{
  "model": "theaters.seat",
  "pk": 131,
  "fields": {
    "screen": 3,
    "seat_number": "S66",
    "category": "Silver"
  }
},
{
  "model": "theaters.seat",
  "pk": 132,
  "fields": {
    "screen": 3,
    "seat_number": "S67",
    "category": "Silver"
  }
},
{
  "model": "theaters.seat",
  "pk": 133,
  "fields": {
    "screen": 3,
    "seat_number": "S68",
    "category": "Silver"
  }
},
{
  "model": "theaters.seat",
  "pk": 134,
  "fields": {
    "screen": 3,
    "seat_number": "G1",
    "category": "Gold"
  }
},
{
  "model": "theaters.seat",
  "pk": 135,
  "fields": {
    "screen": 3,
    "seat_number": "G2",
    "category": "Gold"
  }
},
{
  "model": "theaters.seat",
  "pk": 136,
  "fields": {
    "screen": 3,
    "seat_number": "G3",
    "category": "Gold"
  }
},
{
  "model": "theaters.seat",
  "pk": 137,
  "fields": {
    "screen": 3,
    "seat_number": "G4",
    "category": "Gold"
  }
},
{
  "model": "theaters.seat",
  "pk": 138,
  "fields": {
    "screen": 3,
    "seat_number": "G5",
    "category": "Gold"
  }
},
{
  "model": "theaters.seat",
  "pk": 139,
  "fields": {
    "screen": 3,
    "seat_number": "G6",
    "category": "Gold"
  }
},
{
  "model": "theaters.seat",
  "pk": 140,
  "fields": {
    "screen": 3,
    "seat_number": "G7",
    "category": "Gold"
  }
},
{
  "model": "theaters.seat",
  "pk": 141,
  "fields": {
    "screen": 3,
    "seat_number": "G8",
    "category": "Gold"
  }
},
{
  "model": "theaters.seat",
  "pk": 142,
  "fields": {
    "screen": 3,
    "seat_number": "G9",
    "category": "Gold"
  }
},
{
  "model": "theaters.seat",
  "pk": 143,
  "fields": {
    "screen": 3,
    "seat_number": "G10",
    "category": "Gold"
  }
},
{
  "model": "theaters.seat",
  "pk": 144,
  "fields": {
    "screen": 3,
    "seat_number": "G11",
    "category": "Gold"
  }
},
{
  "model": "theaters.seat",
  "pk": 145,
  "fields": {
    "screen": 3,
    "seat_number": "G12",
    "category": "Gold"
  }
},
{
  "model": "theaters.seat",
  "pk": 146,
  "fields": {
    "screen": 3,
    "seat_number": "G13",
    "category": "Gold"
  }
},
{
  "model": "theaters.seat",
  "pk": 147,
  "fields": {
    "screen": 3,
    "seat_number": "G14",
    "category": "Gold"
  }
},
{
  "model": "theaters.seat",
  "pk": 148,
  "fields": {
    "screen": 3,
    "seat_number": "G15",
    "category": "Gold"
  }
},
{
  "model": "theaters.seat",
  "pk": 149,
  "fields": {
    "screen": 3,
    "seat_number": "G16",
    "category": "Gold"
  }
},
{
  "model": "theaters.seat",
  "pk": 150,
  "fields": {
    "screen": 3,
    "seat_number": "G17",
    "category": "Gold"
  }
},
{
  "model": "theaters.seat",
  "pk": 151,
  "fields": {
    "screen": 3,
    "seat_number": "G18",
    "category": "Gold"
  }
},
{
  "model": "theaters.seat",
  "pk": 152,
  "fields": {
    "screen": 3,
    "seat_number": "G19",
    "category": "Gold"
  }
},
{
  "model": "theaters.seat",
  "pk": 153,
  "fields": {
    "screen": 3,
    "seat_number": "G20",
    "category": "Gold"
  }
},
{
  "model": "theaters.seat",
  "pk": 154,
  "fields": {
    "screen": 3,
    "seat_number": "G21",
    "category": "Gold"
  }
},
{
  "model": "theaters.seat",
  "pk": 155,
  "fields": {
    "screen": 3,
    "seat_number": "G22",
    "category": "Gold"
  }
},
{
  "model": "theaters.seat",
  "pk": 156,
  "fields": {
    "screen": 3,
    "seat_number": "G23",
    "category": "Gold"
  }
},
{
  "model": "theaters.seat",
  "pk": 157,
  "fields": {
    "screen": 3,
    "seat_number": "G24",
    "category": "Gold"
  }
},
{
  "model": "theaters.seat",
  "pk": 158,
  "fields": {
    "screen": 3,
    "seat_number": "G25",
    "category": "Gold"
  }
},
{
  "model": "theaters.seat",
  "pk": 159,
  "fields": {
    "screen": 3,
    "seat_number": "G26",
    "category": "Gold"
  }
},
{
  "model": "theaters.seat",
  "pk": 160,
  "fields": {
    "screen": 3,
    "seat_number": "G27",
    "category": "Gold"
  }
},
{
  "model": "theaters.seat",
  "pk": 161,
  "fields": {
    "screen": 3,
    "seat_number": "G28",
    "category": "Gold"
  }
},
{
  "model": "theaters.seat",
  "pk": 162,
  "fields": {
    "screen": 3,
    "seat_number": "G29",
    "category": "Gold"
  }
},
{
  "model": "theaters.seat",
  "pk": 163,
  "fields": {
    "screen": 3,
    "seat_number": "G30",
    "category": "Gold"
  }
},
{
  "model": "theaters.seat",
  "pk": 164,
  "fields": {
    "screen": 3,
    "seat_number": "G31",
    "category": "Gold"
  }
},
{
  "model": "theaters.seat",
  "pk": 165,
  "fields": {
    "screen": 3,
    "seat_number": "G32",
    "category": "Gold"
  }
},
{
  "model": "theaters.seat",
  "pk": 166,
  "fields": {
    "screen": 3,
    "seat_number": "G33",
    "category": "Gold"
  }
},
{
  "model": "theaters.seat",
  "pk": 167,
  "fields": {
    "screen": 3,
    "seat_number": "G34",
    "category": "Gold"
  }
},
{
  "model": "theaters.seat",
  "pk": 168,
  "fields": {
    "screen": 3,
    "seat_number": "G35",
    "category": "Gold"
  }
},
{
  "model": "theaters.seat",
  "pk": 169,
  "fields": {
    "screen": 3,
    "seat_number": "G36",
    "category": "Gold"
  }
},
{
  "model": "theaters.seat",
  "pk": 170,
  "fields": {
    "screen": 3,
    "seat_number": "G37",
    "category": "Gold"
  }
},
{
  "model": "theaters.seat",
  "pk": 171,
  "fields": {
    "screen": 3,
    "seat_number": "G38",
    "category": "Gold"
  }
},
{
  "model": "theaters.seat",
  "pk": 172,
  "fields": {
    "screen": 3,
    "seat_number": "G39",
    "category": "Gold"
  }
},
{
  "model": "theaters.seat",
  "pk": 173,
  "fields": {
    "screen": 3,
    "seat_number": "G40",
    "category": "Gold"
  }
},
{
  "model": "theaters.seat",
  "pk": 174,
  "fields": {
    "screen": 3,
    "seat_number": "G41",
    "category": "Gold"
  }
},
{
  "model": "theaters.seat",
  "pk": 175,
  "fields": {
    "screen": 3,
    "seat_number": "G42",
    "category": "Gold"
  }
},
{
  "model": "theaters.seat",
  "pk": 176,
  "fields": {
    "screen": 3,
    "seat_number": "G43",
    "category": "Gold"
  }
},
{
  "model": "theaters.seat",
  "pk": 177,
  "fields": {
    "screen": 3,
    "seat_number": "G44",
    "category": "Gold"
  }
},
{
  "model": "theaters.seat",
  "pk": 178,
  "fields": {
    "screen": 3,
    "seat_number": "G45",
    "category": "Gold"
  }
},
{
  "model": "theaters.seat",
  "pk": 179,
  "fields": {
    "screen": 3,
    "seat_number": "G46",
    "category": "Gold"
  }
},
{
  "model": "theaters.seat",
  "pk": 180,
  "fields": {
    "screen": 3,
    "seat_number": "G47",
    "category": "Gold"
  }
},
{
  "model": "theaters.seat",
  "pk": 181,
  "fields": {
    "screen": 3,
    "seat_number": "G48",
    "category": "Gold"
  }
},
{
  "model": "theaters.seat",
  "pk": 182,
  "fields": {
    "screen": 3,
    "seat_number": "G49",
    "category": "Gold"
  }
},
{
  "model": "theaters.seat",
  "pk": 183,
  "fields": {
    "screen": 3,
    "seat_number": "G50",
    "category": "Gold"
  }
},
{
  "model": "theaters.seat",
  "pk": 184,
  "fields": {
    "screen": 3,
    "seat_number": "G51",
    "category": "Gold"
  }
},
{
  "model": "theaters.seat",
  "pk": 185,
  "fields": {
    "screen": 3,
    "seat_number": "P1",
    "category": "Platinum"
  }
},
{
  "model": "theaters.seat",
  "pk": 186,
  "fields": {
    "screen": 3,
    "seat_number": "P2",
    "category": "Platinum"
  }
},
{
  "model": "theaters.seat",
  "pk": 187,
  "fields": {
    "screen": 3,
    "seat_number": "P3",
    "category": "Platinum"
  }
},
{
  "model": "theaters.seat",
  "pk": 188,
  "fields": {
    "screen": 3,
    "seat_number": "P4",
    "category": "Platinum"
  }
},
{
  "model": "theaters.seat",
  "pk": 189,
  "fields": {
    "screen": 3,
    "seat_number": "P5",
    "category": "Platinum"
  }
},
{
  "model": "theaters.seat",
  "pk": 190,
  "fields": {
    "screen": 3,
    "seat_number": "P6",
    "category": "Platinum"
  }
},
{
  "model": "theaters.seat",
  "pk": 191,
  "fields": {
    "screen": 3,
    "seat_number": "P7",
    "category": "Platinum"
  }
},
{
  "model": "theaters.seat",
  "pk": 192,
  "fields": {
    "screen": 3,
    "seat_number": "P8",
    "category": "Platinum"
  }
},
{
  "model": "theaters.seat",
  "pk": 193,
  "fields": {
    "screen": 3,
    "seat_number": "P9",
    "category": "Platinum"
  }
},
{
  "model": "theaters.seat",
  "pk": 194,
  "fields": {
    "screen": 3,
    "seat_number": "P10",
    "category": "Platinum"
  }
},
{
  "model": "theaters.seat",
  "pk": 195,
  "fields": {
    "screen": 3,
    "seat_number": "P11",
    "category": "Platinum"
  }
},
{
  "model": "theaters.seat",
  "pk": 196,
  "fields": {
    "screen": 3,
    "seat_number": "P12",
    "category": "Platinum"
  }
},
{
  "model": "theaters.seat",
  "pk": 197,
  "fields": {
    "screen": 3,
    "seat_number": "P13",
    "category": "Platinum"
  }
},
{
  "model": "theaters.seat",
  "pk": 198,
  "fields": {
    "screen": 3,
    "seat_number": "P14",
    "category": "Platinum"
  }
},
{
  "model": "theaters.seat",
  "pk": 199,
  "fields": {
    "screen": 3,
    "seat_number": "P15",
    "category": "Platinum"
  }
},
{
  "model": "theaters.seat",
  "pk": 200,
  "fields": {
    "screen": 3,
    "seat_number": "P16",
    "category": "Platinum"
  }
},
{
  "model": "theaters.seat",
  "pk": 201,
  "fields": {
    "screen": 3,
    "seat_number": "P17",
    "category": "Platinum"
  }
},
{
  "model": "theaters.seat",
  "pk": 202,
  "fields": {
    "screen": 3,
    "seat_number": "P18",
    "category": "Platinum"
  }
},
{
  "model": "theaters.seat",
  "pk": 203,
  "fields": {
    "screen": 3,
    "seat_number": "P19",
    "category": "Platinum"
  }
},
{
  "model": "theaters.seat",
  "pk": 204,
  "fields": {
    "screen": 3,
    "seat_number": "P20",
    "category": "Platinum"
  }
},
{
  "model": "theaters.seat",
  "pk": 205,
  "fields": {
    "screen": 3,
    "seat_number": "P21",
    "category": "Platinum"
  }
},
{
  "model": "theaters.seat",
  "pk": 206,
  "fields": {
    "screen": 3,
    "seat_number": "P22",
    "category": "Platinum"
  }
},
{
  "model": "theaters.seat",
  "pk": 207,
  "fields": {
    "screen": 3,
    "seat_number": "P23",
    "category": "Platinum"
  }
},
{
  "model": "theaters.seat",
  "pk": 208,
  "fields": {
    "screen": 3,
    "seat_number": "P24",
    "category": "Platinum"
  }
},
{
  "model": "theaters.seat",
  "pk": 209,
  "fields": {
    "screen": 3,
    "seat_number": "P25",
    "category": "Platinum"
  }
},
{
  "model": "theaters.seat",
  "pk": 210,
  "fields": {
    "screen": 3,
    "seat_number": "P26",
    "category": "Platinum"
  }
},
{
  "model": "theaters.seat",
  "pk": 211,
  "fields": {
    "screen": 3,
    "seat_number": "P27",
    "category": "Platinum"
  }
},
{
  "model": "theaters.seat",
  "pk": 212,
  "fields": {
    "screen": 3,
    "seat_number": "P28",
    "category": "Platinum"
  }
},
{
  "model": "theaters.seat",
  "pk": 213,
  "fields": {
    "screen": 3,
    "seat_number": "P29",
    "category": "Platinum"
  }
},
{
  "model": "theaters.seat",
  "pk": 214,
  "fields": {
    "screen": 3,
    "seat_number": "P30",
    "category": "Platinum"
  }
},
{
  "model": "theaters.seat",
  "pk": 215,
  "fields": {
    "screen": 3,
    "seat_number": "P31",
    "category": "Platinum"
  }
},
{
  "model": "theaters.seat",
  "pk": 216,
  "fields": {
    "screen": 3,
    "seat_number": "P32",
    "category": "Platinum"
  }
},
{
  "model": "theaters.seat",
  "pk": 217,
  "fields": {
    "screen": 3,
    "seat_number": "P33",
    "category": "Platinum"
  }
},
{
  "model": "theaters.seat",
  "pk": 218,
  "fields": {
    "screen": 3,
    "seat_number": "P34",
    "category": "Platinum"
  }
},
{
  "model": "bookings.booking",
  "pk": 5,
  "fields": {
    "user": [
      "mayureshbusiness03@gmail.com"
    ],
    "show": 2,
    "total_amount": "1798.12",
    "status": "Booked",
    "transaction_id": "pay_SLhipO6S47iGk5",
    "booking_time": "2026-02-28T20:52:37.428Z",
    "qr_token": "1a1b3c7e-a0f5-4da1-966e-59357ea7a250",
    "seats": [
      60,
      61,
      62,
      63,
      64
    ]
  }
},
{
  "model": "bookings.booking",
  "pk": 6,
  "fields": {
    "user": [
      "mayureshbusiness03@gmail.com"
    ],
    "show": 2,
    "total_amount": "1798.12",
    "status": "Booked",
    "transaction_id": "pay_SLsanlxEOdtXO2",
    "booking_time": "2026-03-01T07:30:41.246Z",
    "qr_token": "4e8bb653-8fa8-4bfd-82b7-11aaf605c589",
    "seats": [
      32,
      40,
      47,
      56,
      58
    ]
  }
},
{
  "model": "bookings.booking",
  "pk": 7,
  "fields": {
    "user": [
      "mayureshbusiness03@gmail.com"
    ],
    "show": 2,
    "total_amount": "1078.88",
    "status": "Booked",
    "transaction_id": "pay_SOVHYmagsNOJnX",
    "booking_time": "2026-03-07T22:39:31.667Z",
    "qr_token": "600de5d0-9e09-4cf5-aa49-9498f20cbd00",
    "seats": [
      44,
      46,
      65
    ]
  }
},
{
  "model": "bookings.booking",
  "pk": 8,
  "fields": {
    "user": [
      "mayureshbusiness03@gmail.com"
    ],
    "show": 2,
    "total_amount": "2157.75",
    "status": "Booked",
    "transaction_id": "pay_SOVsJq7PLh4rY7",
    "booking_time": "2026-03-07T23:14:16.823Z",
    "qr_token": "1c09d166-7b7b-4d1b-9c58-a86da233a624",
    "seats": [
      31,
      33,
      43,
      49,
      55,
      59
    ]
  }
},
{
  "model": "bookings.booking",
  "pk": 9,
  "fields": {
    "user": [
      "mayureshbusiness03@gmail.com"
    ],
    "show": 3,
    "total_amount": "1438.50",
    "status": "Booked",
    "transaction_id": "pay_SOW6YgBA5TwZSQ",
    "booking_time": "2026-03-07T23:27:46.550Z",
    "qr_token": "181bcb54-9be9-4300-bec5-24abf35c22e5",
    "seats": [
      45,
      61,
      62,
      64
    ]
  }
},
{
  "model": "bookings.booking",
  "pk": 10,
  "fields": {
    "user": [
      "mayureshbusiness03@gmail.com"
    ],
    "show": 4,
    "total_amount": "2517.38",
    "status": "Cancelled",
    "transaction_id": "pay_SOhZvbNtzBIeNi",
    "booking_time": "2026-03-08T10:41:13.999Z",
    "qr_token": "5e3bf53b-c890-4c9e-a245-803c206ed2ea",
    "seats": [
      43,
      45,
      61,
      62,
      63,
      64,
      65
    ]
  }
},
{
  "model": "bookings.booking",
  "pk": 11,
  "fields": {
    "user": [
      "mayureshbusiness03@gmail.com"
    ],
    "show": 5,
    "total_amount": "4932.00",
    "status": "Booked",
    "transaction_id": "pay_SPRGQMN5uoeWx3",
    "booking_time": "2026-03-10T07:22:39.742Z",
    "qr_token": "8957c581-8a4a-4e41-a3b3-a833636c250b",
    "seats": [
      79,
      89,
      106,
      132,
      150,
      156,
      162,
      176,
      186,
      201,
      202,
      208
    ]
  }
},
{
  "model": "bookings.booking",
  "pk": 12,
  "fields": {
    "user": [
      "mayureshbusiness03@gmail.com"
    ],
    "show": 4,
    "total_amount": "2517.38",
    "status": "Cancelled",
    "transaction_id": "pay_SPSgADTn9IxkyM",
    "booking_time": "2026-03-10T08:45:41.557Z",
    "qr_token": "5a0e17d2-7ba4-467e-be97-7f0f6861009d",
    "seats": [
      41,
      42,
      57,
      58,
      59,
      64,
      65
    ]
  }
},
{
  "model": "bookings.booking",
  "pk": 13,
  "fields": {
    "user": [
      "mayureshbusiness03@gmail.com"
    ],
    "show": 4,
    "total_amount": "1078.88",
    "status": "Booked",
    "transaction_id": "pay_SPTZxLYRq8bZDS",
    "booking_time": "2026-03-10T09:38:30.529Z",
    "qr_token": "7a02f4a8-45b0-4e2a-ac48-8a0d32bae046",
    "seats": [
      48,
      49,
      50
    ]
  }
},
{
  "model": "bookings.booking",
  "pk": 14,
  "fields": {
    "user": [
      "mayureshbusiness03@gmail.com"
    ],
    "show": 5,
    "total_amount": "2055.00",
    "status": "Booked",
    "transaction_id": "pay_SPUHWsme0s0dRc",
    "booking_time": "2026-03-10T10:19:46.452Z",
    "qr_token": "061990ed-a3d7-4e1a-8c34-4e4026bc2461",
    "seats": [
      75,
      93,
      178,
      212,
      213
    ]
  }
},
{
  "model": "bookings.booking",
  "pk": 15,
  "fields": {
    "user": [
      "mayureshbusiness03@gmail.com"
    ],
    "show": 4,
    "total_amount": "719.25",
    "status": "Booked",
    "transaction_id": "pay_SPUUJY6gYR3690",
    "booking_time": "2026-03-10T10:31:51.207Z",
    "qr_token": "d8d46d69-ade1-41a5-b28e-a81684ab076a",
    "seats": [
      62,
      63
    ]
  }
},
{
  "model": "bookings.booking",
  "pk": 16,
  "fields": {
    "user": [
      "mayureshbusiness03@gmail.com"
    ],
    "show": 4,
    "total_amount": "1078.88",
    "status": "Booked",
    "transaction_id": "pay_SPYQLgWrJWSF7L",
    "booking_time": "2026-03-10T14:22:52.769Z",
    "qr_token": "0e27114e-e871-4d47-9e6c-b9c944ef2f08",
    "seats": [
      32,
      59,
      60
    ]
  }
},
{
  "model": "bookings.booking",
  "pk": 17,
  "fields": {
    "user": [
      "mayureshbusiness03@gmail.com"
    ],
    "show": 5,
    "total_amount": "822.00",
    "status": "Booked",
    "transaction_id": "pay_SPYaptcwGxgrua",
    "booking_time": "2026-03-10T14:32:48.396Z",
    "qr_token": "0be91ba2-5dec-43a2-a21c-7d1241ef9f14",
    "seats": [
      179,
      180
    ]
  }
},
{
  "model": "bookings.booking",
  "pk": 18,
  "fields": {
    "user": [
      "mayureshbusiness03@gmail.com"
    ],
    "show": 5,
    "total_amount": "822.00",
    "status": "Booked",
    "transaction_id": "pay_SPYi6KWkJuMWK1",
    "booking_time": "2026-03-10T14:39:40.437Z",
    "qr_token": "f170201f-4bd8-42d0-88c5-a9e4f4b6048c",
    "seats": [
      217,
      218
    ]
  }
},
{
  "model": "bookings.booking",
  "pk": 19,
  "fields": {
    "user": [
      "mayureshbusiness03@gmail.com"
    ],
    "show": 4,
    "total_amount": "1078.88",
    "status": "Booked",
    "transaction_id": "pay_SPZR82mUIvHdY4",
    "booking_time": "2026-03-10T15:22:18.472Z",
    "qr_token": "a5ab6441-10c1-4fd0-b707-dc0b1b8d77cd",
    "seats": [
      13,
      14,
      15
    ]
  }
},
{
  "model": "admin.logentry",
  "pk": 1,
  "fields": {
    "action_time": "2026-02-27T20:54:29.454Z",
    "user": [
      "admin@ticketflix.com"
    ],
    "content_type": [
      "auth",
      "group"
    ],
    "object_id": "1",
    "object_repr": "PVR",
    "action_flag": 1,
    "change_message": "[{\"added\": {}}]"
  }
},
{
  "model": "admin.logentry",
  "pk": 2,
  "fields": {
    "action_time": "2026-02-27T20:55:54.284Z",
    "user": [
      "admin@ticketflix.com"
    ],
    "content_type": [
      "users",
      "user"
    ],
    "object_id": "2",
    "object_repr": "thether@gmail.com",
    "action_flag": 1,
    "change_message": "[{\"added\": {}}]"
  }
},
{
  "model": "admin.logentry",
  "pk": 3,
  "fields": {
    "action_time": "2026-02-27T20:59:11.862Z",
    "user": [
      "admin@ticketflix.com"
    ],
    "content_type": [
      "users",
      "user"
    ],
    "object_id": "3",
    "object_repr": "mayureshsonawane1526@gmail.com",
    "action_flag": 1,
    "change_message": "[{\"added\": {}}]"
  }
},
{
  "model": "admin.logentry",
  "pk": 4,
  "fields": {
    "action_time": "2026-02-27T21:40:55.237Z",
    "user": [
      "admin@ticketflix.com"
    ],
    "content_type": [
      "users",
      "user"
    ],
    "object_id": "4",
    "object_repr": "mayuresh1526@gmail.com",
    "action_flag": 1,
    "change_message": "[{\"added\": {}}]"
  }
},
{
  "model": "admin.logentry",
  "pk": 5,
  "fields": {
    "action_time": "2026-02-27T21:42:15.933Z",
    "user": [
      "admin@ticketflix.com"
    ],
    "content_type": [
      "events",
      "event"
    ],
    "object_id": "1",
    "object_repr": "Dhurandhar (MOVIE)",
    "action_flag": 1,
    "change_message": "[{\"added\": {}}]"
  }
},
{
  "model": "admin.logentry",
  "pk": 6,
  "fields": {
    "action_time": "2026-02-27T21:42:39.899Z",
    "user": [
      "admin@ticketflix.com"
    ],
    "content_type": [
      "theaters",
      "theater"
    ],
    "object_id": "1",
    "object_repr": "PVR",
    "action_flag": 1,
    "change_message": "[{\"added\": {}}]"
  }
},
{
  "model": "admin.logentry",
  "pk": 7,
  "fields": {
    "action_time": "2026-02-27T21:43:07.866Z",
    "user": [
      "admin@ticketflix.com"
    ],
    "content_type": [
      "theaters",
      "screen"
    ],
    "object_id": "1",
    "object_repr": "PVR - Screen 2",
    "action_flag": 1,
    "change_message": "[{\"added\": {}}]"
  }
},
{
  "model": "admin.logentry",
  "pk": 8,
  "fields": {
    "action_time": "2026-02-27T21:50:24.572Z",
    "user": [
      "admin@ticketflix.com"
    ],
    "content_type": [
      "theaters",
      "show"
    ],
    "object_id": "1",
    "object_repr": "Dhurandhar at PVR (2026-03-19 18:00)",
    "action_flag": 1,
    "change_message": "[{\"added\": {}}]"
  }
},
{
  "model": "admin.logentry",
  "pk": 9,
  "fields": {
    "action_time": "2026-02-27T21:50:53.571Z",
    "user": [
      "admin@ticketflix.com"
    ],
    "content_type": [
      "theaters",
      "seat"
    ],
    "object_id": "1",
    "object_repr": "PVR - Screen 2 - Seat S1 (Platinum)",
    "action_flag": 1,
    "change_message": "[{\"added\": {}}]"
  }
},
{
  "model": "admin.logentry",
  "pk": 10,
  "fields": {
    "action_time": "2026-02-27T21:51:10.188Z",
    "user": [
      "admin@ticketflix.com"
    ],
    "content_type": [
      "theaters",
      "seat"
    ],
    "object_id": "2",
    "object_repr": "PVR - Screen 2 - Seat S2 (Platinum)",
    "action_flag": 1,
    "change_message": "[{\"added\": {}}]"
  }
},
{
  "model": "admin.logentry",
  "pk": 11,
  "fields": {
    "action_time": "2026-02-27T21:51:29.837Z",
    "user": [
      "admin@ticketflix.com"
    ],
    "content_type": [
      "theaters",
      "seat"
    ],
    "object_id": "3",
    "object_repr": "PVR - Screen 2 - Seat A1 (Gold)",
    "action_flag": 1,
    "change_message": "[{\"added\": {}}]"
  }
},
{
  "model": "admin.logentry",
  "pk": 12,
  "fields": {
    "action_time": "2026-02-27T21:51:39.514Z",
    "user": [
      "admin@ticketflix.com"
    ],
    "content_type": [
      "theaters",
      "seat"
    ],
    "object_id": "4",
    "object_repr": "PVR - Screen 2 - Seat A2 (Gold)",
    "action_flag": 1,
    "change_message": "[{\"added\": {}}]"
  }
},
{
  "model": "admin.logentry",
  "pk": 13,
  "fields": {
    "action_time": "2026-02-27T21:51:47.409Z",
    "user": [
      "admin@ticketflix.com"
    ],
    "content_type": [
      "theaters",
      "seat"
    ],
    "object_id": "5",
    "object_repr": "PVR - Screen 2 - Seat B1 (Silver)",
    "action_flag": 1,
    "change_message": "[{\"added\": {}}]"
  }
},
{
  "model": "admin.logentry",
  "pk": 14,
  "fields": {
    "action_time": "2026-02-27T21:51:58.043Z",
    "user": [
      "admin@ticketflix.com"
    ],
    "content_type": [
      "theaters",
      "seat"
    ],
    "object_id": "6",
    "object_repr": "PVR - Screen 2 - Seat B2 (Silver)",
    "action_flag": 1,
    "change_message": "[{\"added\": {}}]"
  }
},
{
  "model": "admin.logentry",
  "pk": 15,
  "fields": {
    "action_time": "2026-02-27T21:52:45.915Z",
    "user": [
      "admin@ticketflix.com"
    ],
    "content_type": [
      "users",
      "user"
    ],
    "object_id": "4",
    "object_repr": "mayuresh1526@gmail.com",
    "action_flag": 3,
    "change_message": ""
  }
},
{
  "model": "admin.logentry",
  "pk": 16,
  "fields": {
    "action_time": "2026-02-27T21:52:45.915Z",
    "user": [
      "admin@ticketflix.com"
    ],
    "content_type": [
      "users",
      "user"
    ],
    "object_id": "3",
    "object_repr": "mayureshsonawane1526@gmail.com",
    "action_flag": 3,
    "change_message": ""
  }
},
{
  "model": "admin.logentry",
  "pk": 17,
  "fields": {
    "action_time": "2026-02-27T21:53:16.197Z",
    "user": [
      "admin@ticketflix.com"
    ],
    "content_type": [
      "bookings",
      "booking"
    ],
    "object_id": "1",
    "object_repr": "Booking 1 by admin@ticketflix.com for Dhurandhar at PVR (2026-03-19 18:00)",
    "action_flag": 1,
    "change_message": "[{\"added\": {}}]"
  }
},
{
  "model": "admin.logentry",
  "pk": 18,
  "fields": {
    "action_time": "2026-02-28T11:46:24.104Z",
    "user": [
      "admin@ticketflix.com"
    ],
    "content_type": [
      "events",
      "event"
    ],
    "object_id": "1",
    "object_repr": "Dhurandhar (MOVIE)",
    "action_flag": 2,
    "change_message": "[{\"changed\": {\"fields\": [\"Image\"]}}]"
  }
},
{
  "model": "admin.logentry",
  "pk": 19,
  "fields": {
    "action_time": "2026-02-28T11:47:16.879Z",
    "user": [
      "admin@ticketflix.com"
    ],
    "content_type": [
      "events",
      "event"
    ],
    "object_id": "1",
    "object_repr": "Dhurandhar (MOVIE)",
    "action_flag": 2,
    "change_message": "[{\"changed\": {\"fields\": [\"Image\"]}}]"
  }
},
{
  "model": "admin.logentry",
  "pk": 20,
  "fields": {
    "action_time": "2026-02-28T20:04:52.866Z",
    "user": [
      "admin@ticketflix.com"
    ],
    "content_type": [
      "users",
      "user"
    ],
    "object_id": "3",
    "object_repr": "mayuresh1526@gmail.com",
    "action_flag": 2,
    "change_message": "[{\"changed\": {\"fields\": [\"Role\"]}}]"
  }
}
]
